date,structure,S_open,S_close,iv,gross_credit,pnl,vix_prev,put_strike,put_credit,put_exit,put_reason,put_pnl,call_strike,call_credit,call_exit,call_reason,call_pnl
2026-01-02,strangle,685.71,683.17,0.1495,291.41,105.81,14.95,685,2.17,1.83,expire,32.77,691,0.74,0.0,expire,73.04
2026-01-05,strangle,687.3,687.72,0.1451,245.95,243.35,14.51,686,1.85,0.0,expire,183.35,693,0.61,0.0,expire,60.0
2026-01-06,strangle,688.46,691.81,0.149,254.31,251.71,14.9,687,1.85,0.0,expire,183.64,694,0.69,0.0,expire,68.07
2026-01-07,strangle,692.19,689.58,0.1475,258.3,113.71,14.75,691,1.95,1.42,expire,51.67,698,0.63,0.0,expire,62.04
2026-01-08,strangle,688.82,689.51,0.1538,283.67,281.07,15.38,688,2.21,0.0,expire,219.33,695,0.63,0.0,expire,61.74
2026-01-09,strangle,690.5,694.07,0.1545,314.69,312.09,15.45,690,2.37,0.0,expire,235.83,696,0.78,0.0,expire,76.26
2026-01-12,strangle,691.33,695.16,0.1449,247.05,244.45,14.49,690,1.84,0.0,expire,183.08,697,0.63,0.0,expire,61.37
2026-01-13,strangle,695.49,693.77,0.1512,264.57,238.97,15.12,694,1.9,0.23,expire,165.68,701,0.75,0.0,expire,73.29
2026-01-14,strangle,691.0,690.36,0.1598,297.88,295.28,15.98,690,2.24,0.0,expire,222.46,697,0.74,0.0,expire,72.82
2026-01-15,strangle,694.57,692.24,0.1675,334.12,155.52,16.75,694,2.58,1.76,expire,80.71,701,0.76,0.0,expire,74.81
2026-01-16,strangle,693.66,691.66,0.1584,304.42,167.82,15.84,693,2.38,1.34,expire,102.38,700,0.67,0.0,expire,65.43
2026-01-20,strangle,681.49,677.58,0.1586,277.09,32.49,15.86,680,1.97,2.42,expire,-46.11,687,0.8,0.0,expire,78.61
2026-01-21,strangle,680.29,685.4,0.2009,363.05,360.45,20.09,679,2.76,0.0,expire,274.85,688,0.87,0.0,expire,85.6
2026-01-22,strangle,689.85,688.98,0.169,327.87,323.27,16.9,689,2.46,0.02,expire,242.48,696,0.82,0.0,expire,80.79
2026-01-23,strangle,688.15,689.23,0.1564,282.47,279.87,15.64,687,2.1,0.0,expire,209.02,694,0.72,0.0,expire,70.85
2026-01-26,strangle,690.49,692.73,0.1609,270.23,267.63,16.09,689,2.05,0.0,expire,203.22,697,0.66,0.0,expire,64.41
2026-01-27,strangle,694.18,695.49,0.1615,300.87,298.27,16.15,693,2.2,0.0,expire,218.78,700,0.81,0.0,expire,79.49
2026-01-28,strangle,697.05,695.42,0.1635,311.8,251.2,16.35,696,2.3,0.58,expire,171.03,703,0.81,0.0,expire,80.17
2026-01-29,strangle,696.39,694.04,0.1635,283.96,-391.76,16.35,695,2.15,6.73,stop,-458.97,703,0.69,0.0,expire,67.22
2026-01-30,strangle,691.79,691.97,0.1688,330.18,327.58,16.88,691,2.49,0.0,expire,247.67,698,0.81,0.0,expire,79.91
2026-02-02,strangle,689.58,695.41,0.1744,350.6,77.52,17.44,689,2.67,0.0,expire,266.08,696,0.83,2.7,stop,-188.56
2026-02-03,strangle,696.64,689.53,0.1634,321.54,-437.82,16.34,696,2.48,7.57,stop,-509.65,703,0.73,0.0,expire,71.83
2026-02-04,strangle,690.35,686.19,0.18,328.54,-412.35,18.0,689,2.43,7.38,stop,-496.79,697,0.86,0.0,expire,84.44
2026-02-09,strangle,689.42,693.95,0.2037,375.71,373.11,20.37,688,2.8,0.0,expire,278.45,697,0.96,0.0,expire,94.66
2026-02-10,strangle,694.95,692.12,0.1736,323.28,132.68,17.36,694,2.51,1.88,expire,62.06,702,0.72,0.0,expire,70.62
2026-02-11,strangle,696.39,691.96,0.1779,326.01,19.41,17.79,695,2.4,3.04,expire,-65.17,703,0.86,0.0,expire,84.58
2026-02-12,strangle,694.24,681.27,0.1765,323.79,-638.83,17.65,693,2.43,9.6,stop,-718.07,701,0.81,0.0,expire,79.23
2026-02-13,strangle,681.69,681.75,0.2082,420.61,418.01,20.82,681,3.16,0.0,expire,315.19,689,1.04,0.0,expire,102.83
2026-02-17,strangle,680.14,682.85,0.206,381.32,378.72,20.6,679,2.91,0.0,expire,290.04,688,0.9,0.0,expire,88.68
2026-02-19,strangle,683.84,684.48,0.1962,383.3,380.7,19.62,683,2.9,0.0,expire,288.82,691,0.93,0.0,expire,91.88
2026-02-20,strangle,682.32,689.43,0.2023,368.01,65.94,20.23,681,2.78,0.0,expire,276.9,690,0.9,2.99,stop,-210.96
2026-02-23,strangle,687.83,682.39,0.1909,371.33,-92.26,19.09,687,2.83,4.61,expire,-178.88,695,0.88,0.0,expire,86.62
2026-02-25,strangle,690.18,693.15,0.1955,358.57,355.97,19.55,689,2.77,0.0,expire,275.34,698,0.82,0.0,expire,80.62
2026-02-26,strangle,693.28,689.3,0.1793,330.33,-453.63,17.93,692,2.46,7.81,stop,-536.75,700,0.84,0.0,expire,83.12
2026-02-27,strangle,683.09,685.99,0.1863,347.51,344.91,18.63,682,2.62,0.0,expire,260.32,690,0.86,0.0,expire,84.59
2026-03-02,strangle,678.7,686.38,0.1986,389.67,97.24,19.86,678,2.98,0.0,expire,296.88,686,0.91,2.9,stop,-199.63
2026-03-03,strangle,675.06,680.33,0.2144,402.95,400.35,21.44,674,3.06,0.0,expire,305.18,683,0.96,0.0,expire,95.18
2026-03-05,strangle,682.08,681.31,0.2115,400.4,397.8,21.15,681,3.04,0.0,expire,303.06,690,0.96,0.0,expire,94.74
2026-03-06,strangle,673.41,672.38,0.2375,439.15,436.55,23.75,672,3.29,0.0,expire,327.3,682,1.11,0.0,expire,109.25
2026-03-18,strangle,668.36,661.43,0.2237,416.07,-143.53,22.37,667,3.05,5.57,expire,-253.34,676,1.11,0.0,expire,109.81
2026-03-26,strangle,652.06,645.09,0.2533,470.47,-123.13,25.33,651,3.58,5.91,expire,-234.76,661,1.13,0.0,expire,111.63
2026-03-27,strangle,642.5,634.09,0.2744,533.5,-260.1,27.44,642,4.12,7.91,expire,-380.44,652,1.22,0.0,expire,120.34
2026-03-30,strangle,640.11,631.97,0.3105,573.32,-132.28,31.05,639,4.39,7.03,expire,-265.13,651,1.34,0.0,expire,132.85
2026-03-31,strangle,638.94,650.34,0.3061,564.63,528.03,30.61,638,4.39,0.0,expire,437.9,650,1.25,0.34,expire,90.12
2026-04-01,strangle,653.9,655.24,0.2525,474.51,471.91,25.25,653,3.65,0.0,expire,363.49,663,1.1,0.0,expire,108.42
2026-04-02,strangle,646.42,655.83,0.2454,433.48,-96.18,24.54,645,3.25,0.0,expire,323.73,655,1.08,5.27,stop,-419.92
2026-04-06,strangle,655.86,658.93,0.2387,458.83,456.23,23.87,655,3.45,0.0,expire,343.96,664,1.14,0.0,expire,112.27
2026-04-07,strangle,656.65,659.22,0.2417,473.7,471.1,24.17,656,3.61,0.0,expire,359.22,665,1.13,0.0,expire,111.89
2026-04-09,strangle,674.84,679.91,0.2104,397.3,394.7,21.04,674,3.1,0.0,expire,308.39,683,0.88,0.0,expire,86.32
2026-04-10,strangle,681.32,679.46,0.1949,346.08,289.48,19.49,680,2.65,0.54,expire,209.92,689,0.81,0.0,expire,79.57
2026-04-13,strangle,677.41,686.1,0.1923,352.96,140.36,19.23,676,2.55,0.0,expire,253.8,684,0.98,2.1,expire,-113.43
2026-04-14,strangle,687.69,694.46,0.1912,375.86,373.26,19.12,687,2.9,0.0,expire,289.04,695,0.86,0.0,expire,84.23
2026-04-15,strangle,695.26,699.94,0.1836,345.03,342.43,18.36,694,2.55,0.0,expire,253.75,702,0.9,0.0,expire,88.69
2026-04-16,strangle,701.06,701.66,0.1817,348.7,346.1,18.17,700,2.63,0.0,expire,261.88,708,0.86,0.0,expire,84.23
2026-04-17,strangle,706.14,710.14,0.1794,343.73,341.13,17.94,705,2.58,0.0,expire,256.56,713,0.86,0.0,expire,84.57
2026-04-20,strangle,708.78,708.72,0.1748,341.4,338.8,17.48,708,2.67,0.0,expire,265.81,716,0.74,0.0,expire,72.99
2026-04-21,strangle,710.28,704.08,0.1887,352.14,-142.46,18.87,709,2.7,4.92,expire,-223.39,718,0.82,0.0,expire,80.93
2026-04-22,strangle,709.15,711.21,0.195,373.27,370.67,19.5,708,2.86,0.0,expire,284.92,717,0.87,0.0,expire,85.75
2026-04-23,strangle,709.5,708.45,0.1892,392.73,335.13,18.92,709,3.06,0.55,expire,249.75,717,0.87,0.0,expire,85.38
2026-04-24,strangle,710.75,713.94,0.1931,398.72,396.12,19.31,710,3.02,0.0,expire,300.54,718,0.97,0.0,expire,95.59
2026-04-27,strangle,713.17,715.17,0.1871,371.91,369.31,18.71,712,2.73,0.0,expire,271.97,720,0.99,0.0,expire,97.34
2026-04-28,strangle,711.82,711.69,0.1802,358.77,356.17,18.02,711,2.76,0.0,expire,275.11,719,0.82,0.0,expire,81.06
2026-04-29,strangle,711.0,711.58,0.1783,347.59,344.99,17.83,710,2.64,0.0,expire,262.99,718,0.83,0.0,expire,82.0
2026-04-30,strangle,714.63,718.66,0.1881,389.85,387.25,18.81,714,3.0,0.0,expire,299.05,722,0.89,0.0,expire,88.2
2026-05-01,strangle,721.25,720.65,0.1689,320.44,317.84,16.89,720,2.41,0.0,expire,239.64,728,0.8,0.0,expire,78.2
2026-05-04,strangle,720.07,718.01,0.1699,327.11,225.51,16.99,719,2.5,0.99,expire,149.82,727,0.77,0.0,expire,75.69
2026-05-05,strangle,721.77,723.77,0.1829,375.78,373.18,18.29,721,2.88,0.0,expire,286.47,729,0.88,0.0,expire,86.7
2026-05-06,strangle,728.16,733.83,0.1738,342.62,340.02,17.38,727,2.57,0.0,expire,255.27,735,0.86,0.0,expire,84.75
2026-05-07,strangle,735.05,731.58,0.1739,350.7,106.1,17.39,734,2.65,2.42,expire,21.27,742,0.86,0.0,expire,84.83
2026-05-08,strangle,734.93,737.62,0.1708,344.06,341.46,17.08,734,2.64,0.0,expire,262.93,742,0.8,0.0,expire,78.53
2026-05-11,strangle,736.45,739.3,0.1719,336.1,333.5,17.19,735,2.44,0.0,expire,242.78,743,0.92,0.0,expire,90.72
2026-05-12,strangle,736.89,738.18,0.1838,387.26,384.66,18.38,736,2.91,0.0,expire,289.45,744,0.97,0.0,expire,95.2
2026-05-13,strangle,738.47,742.31,0.1799,342.39,339.79,17.99,737,2.59,0.0,expire,257.34,746,0.84,0.0,expire,82.45
2026-05-14,strangle,743.65,748.17,0.1787,382.66,380.06,17.87,743,2.95,0.0,expire,294.14,751,0.87,0.0,expire,85.93
2026-05-15,strangle,741.79,739.17,0.1726,358.32,172.72,17.26,741,2.77,1.83,expire,92.52,749,0.82,0.0,expire,80.2
2026-05-18,strangle,739.83,738.65,0.1843,392.68,355.09,18.43,739,2.96,0.35,expire,259.46,747,0.97,0.0,expire,95.62
2026-05-19,strangle,734.78,733.73,0.1782,370.9,341.29,17.82,734,2.85,0.27,expire,256.27,742,0.86,0.0,expire,85.03
2026-05-20,strangle,735.71,741.25,0.1806,380.97,378.37,18.06,735,2.93,0.0,expire,291.33,743,0.88,0.0,expire,87.05
2026-05-21,strangle,738.64,742.72,0.1744,365.79,363.19,17.44,738,2.86,0.0,expire,284.44,746,0.8,0.0,expire,78.74
2026-05-22,strangle,746.24,745.64,0.1676,334.33,331.73,16.76,745,2.49,0.0,expire,248.01,753,0.85,0.0,expire,83.73
2026-05-26,strangle,750.01,750.59,0.167,340.77,338.17,16.7,749,2.6,0.0,expire,258.58,757,0.81,0.0,expire,79.58
2026-05-27,strangle,750.88,750.46,0.1701,354.58,351.98,17.01,750,2.72,0.0,expire,270.6,758,0.83,0.0,expire,81.38
2026-05-28,strangle,750.25,754.6,0.1629,322.01,319.41,16.29,749,2.42,0.0,expire,240.49,757,0.8,0.0,expire,78.92
2026-05-29,strangle,755.9,756.48,0.1574,336.72,334.12,15.74,755,2.49,0.0,expire,247.88,762,0.88,0.0,expire,86.24
2026-06-01,strangle,755.36,758.54,0.1532,292.18,289.58,15.32,754,2.21,0.0,expire,219.73,762,0.71,0.0,expire,69.85
2026-06-02,strangle,757.03,759.57,0.1605,324.5,321.9,16.05,756,2.5,0.0,expire,248.34,764,0.75,0.0,expire,73.56
2026-06-03,strangle,758.15,754.24,0.1577,313.31,34.71,15.77,757,2.4,2.76,expire,-37.77,765,0.74,0.0,expire,72.48
2026-06-04,strangle,752.1,757.09,0.1606,319.72,317.12,16.06,751,2.45,0.0,expire,243.49,759,0.75,0.0,expire,73.63
2026-06-05,strangle,752.31,737.55,0.154,293.96,-567.46,15.4,751,2.23,8.59,stop,-636.62,759,0.7,0.0,expire,69.16
2026-06-15,strangle,751.85,754.83,0.1768,377.45,374.85,17.68,751,2.86,0.0,expire,284.94,759,0.91,0.0,expire,89.91
2026-06-16,strangle,754.55,750.33,0.162,359.61,-9.99,16.2,754,2.73,3.67,expire,-94.9,761,0.86,0.0,expire,84.91
2026-06-17,strangle,750.93,740.96,0.1641,334.36,-492.6,16.41,750,2.58,8.24,stop,-567.23,758,0.76,0.0,expire,74.63
2026-06-22,strangle,747.7,744.39,0.164,357.42,93.82,16.4,747,2.67,2.61,expire,5.12,754,0.9,0.0,expire,88.7
2026-06-23,strangle,733.81,733.58,0.1728,352.64,350.04,17.28,733,2.73,0.0,expire,271.57,741,0.8,0.0,expire,78.46
2026-06-24,strangle,735.17,733.24,0.1949,393.74,315.14,19.49,734,2.98,0.76,expire,220.35,743,0.96,0.0,expire,94.79
2026-06-25,strangle,738.91,734.3,0.1863,396.31,-502.07,18.63,738,2.95,8.96,stop,-601.71,746,1.01,0.0,expire,99.65
2026-06-26,strangle,728.95,728.99,0.1889,395.66,-751.88,18.89,728,2.94,11.45,stop,-852.32,736,1.02,0.0,expire,100.44
2026-06-29,strangle,736.53,741.0,0.1841,397.65,395.05,18.41,736,3.08,0.0,expire,306.82,744,0.9,0.0,expire,88.22
2026-06-30,strangle,741.29,746.77,0.1765,357.86,355.26,17.65,740,2.61,0.0,expire,260.13,748,0.96,0.0,expire,95.13
2026-07-01,strangle,745.0,745.76,0.1645,329.71,327.11,16.45,744,2.54,0.0,expire,252.34,752,0.76,0.0,expire,74.77
2026-07-02,strangle,747.4,744.78,0.1659,326.06,201.46,16.59,746,2.4,1.22,expire,116.45,754,0.86,0.0,expire,85.01
2026-07-06,strangle,748.74,751.28,0.1615,349.06,346.46,16.15,748,2.61,0.0,expire,260.03,755,0.88,0.0,expire,86.43
2026-07-07,strangle,750.22,747.71,0.1557,300.14,168.54,15.57,749,2.3,1.29,expire,99.42,757,0.7,0.0,expire,69.12
2026-07-08,strangle,743.16,745.4,0.1613,314.41,311.81,16.13,742,2.4,0.0,expire,238.64,750,0.74,0.0,expire,73.18
2026-07-09,strangle,747.35,751.71,0.169,337.02,334.42,16.9,746,2.48,0.0,expire,246.29,754,0.89,0.0,expire,88.14
2026-07-10,strangle,752.05,754.95,0.1584,314.1,311.5,15.84,751,2.43,0.0,expire,241.57,759,0.71,0.0,expire,69.92
2026-07-13,strangle,752.47,749.17,0.1503,278.72,93.12,15.03,751,2.1,1.83,expire,25.68,759,0.69,0.0,expire,67.44
2026-07-14,strangle,750.91,751.83,0.1716,358.58,355.98,17.16,750,2.73,0.0,expire,272.06,758,0.85,0.0,expire,83.92
2026-07-15,strangle,754.24,754.81,0.165,331.67,329.07,16.5,753,2.48,0.0,expire,246.44,761,0.84,0.0,expire,82.64
2026-07-16,strangle,752.76,750.72,0.1567,335.78,205.18,15.67,752,2.53,1.28,expire,123.69,759,0.83,0.0,expire,81.49
2026-07-17,strangle,742.08,743.29,0.1673,334.37,331.77,16.73,741,2.54,0.0,expire,252.77,749,0.8,0.0,expire,79.01
2026-07-20,strangle,747.06,742.09,0.1877,383.61,-9.99,18.77,746,2.95,3.91,expire,-97.38,755,0.89,0.0,expire,87.39
2026-07-21,strangle,746.29,748.28,0.1865,373.34,370.74,18.65,745,2.82,0.0,expire,280.79,754,0.91,0.0,expire,89.95
2026-07-22,strangle,746.62,747.41,0.1705,359.95,357.35,17.05,746,2.83,0.0,expire,281.53,754,0.77,0.0,expire,75.82
2026-07-23,strangle,739.37,738.18,0.1664,322.68,320.08,16.64,738,2.39,0.0,expire,237.39,746,0.84,0.0,expire,82.69
2026-07-24,strangle,738.51,738.93,0.187,408.74,406.14,18.7,738,3.15,0.0,expire,313.81,746,0.94,0.0,expire,92.33
2026-07-27,strangle,744.91,739.09,0.1858,399.51,-94.08,18.58,744,2.97,4.91,expire,-195.1,752,1.02,0.0,expire,101.02
2026-07-28,strangle,739.19,740.86,0.1867,370.95,368.35,18.67,738,2.84,0.0,expire,282.32,747,0.87,0.0,expire,86.03
2026-07-29,strangle,739.97,729.46,0.1821,382.27,-613.27,18.21,739,2.85,9.93,stop,-708.86,747,0.97,0.0,expire,95.6
2026-07-30,strangle,736.05,741.69,0.2066,434.28,431.68,20.66,735,3.25,0.0,expire,323.63,744,1.09,0.0,expire,108.05
2026-07-31,strangle,744.68,747.03,0.1709,358.12,355.52,17.09,744,2.8,0.0,expire,278.67,752,0.78,0.0,expire,76.86
2026-08-03,strangle,749.44,757.67,0.1599,307.54,61.15,15.99,748,2.28,0.0,expire,226.5,756,0.8,2.44,stop,-165.35
2026-08-04,strangle,760.63,771.33,0.1586,350.6,41.36,15.86,760,2.66,0.0,expire,264.33,767,0.85,3.07,stop,-222.97
2026-08-05,strangle,775.85,769.79,0.165,356.5,-167.1,16.5,775,2.74,5.21,expire,-248.43,783,0.83,0.0,expire,81.33
2026-08-06,strangle,770.21,768.56,0.1581,321.03,274.43,15.81,769,2.42,0.44,expire,197.03,777,0.79,0.0,expire,77.4
2026-08-07,strangle,771.02,773.26,0.1515,324.47,321.87,15.15,770,2.38,0.0,expire,237.06,777,0.86,0.0,expire,84.81
2026-08-10,strangle,772.6,773.03,0.149,327.81,325.21,14.9,772,2.53,0.0,expire,251.87,779,0.75,0.0,expire,73.34
2026-08-11,strangle,774.53,770.56,0.1546,349.37,2.77,15.46,774,2.68,3.44,expire,-77.31,781,0.81,0.0,expire,80.08
2026-08-12,strangle,774.71,772.49,0.1528,338.77,185.17,15.28,774,2.56,1.51,expire,103.92,781,0.83,0.0,expire,81.25
2026-08-13,strangle,774.87,777.88,0.1455,310.66,308.06,14.55,774,2.35,0.0,expire,233.61,781,0.76,0.0,expire,74.44
2026-08-14,strangle,778.54,776.34,0.1463,324.3,155.71,14.63,778,2.53,1.66,expire,85.59,785,0.71,0.0,expire,70.12
2026-08-17,strangle,776.18,772.67,0.1425,294.16,58.56,14.25,775,2.16,2.33,expire,-18.3,782,0.78,0.0,expire,76.86
2026-08-18,strangle,768.7,767.45,0.1519,332.16,274.56,15.19,768,2.53,0.55,expire,196.39,775,0.79,0.0,expire,78.18
2026-08-19,strangle,770.36,769.06,0.1584,318.54,315.94,15.84,769,2.37,0.0,expire,235.2,777,0.82,0.0,expire,80.74
2026-08-20,strangle,765.96,762.6,0.1489,314.05,71.45,14.89,765,2.34,2.4,expire,-7.11,772,0.8,0.0,expire,78.56
2026-08-21,strangle,766.05,765.72,0.1601,328.72,326.12,16.01,765,2.52,0.0,expire,250.25,773,0.77,0.0,expire,75.87
2026-08-24,strangle,764.78,763.47,0.1513,325.61,270.01,15.13,764,2.46,0.53,expire,192.11,771,0.79,0.0,expire,77.9
